Links,Predicao_Cleaned_NNETAR,Predicao_NNETAR,Predicao_Cleaned_GRU,Predicao_GRU,Predicao_Cleaned_LSTM,Predicao_LSTM
CE_SP,8984413220414.467,7.010443190795716e+18,3805898592688.4746,8317094757074434.0,3402931297317.547,7520191761866131.0
MG_RS,5735282502226384.0,5.640916406566258e+18,7441108324894242.0,9.194738053215955e+18,7043173833837452.0,9.065502080935754e+18
PA_BA,1.502872191297306e+18,1.2206966076328493e+17,9.587515221890911e+17,6.927176784258178e+16,9.439618890794888e+17,6.789040718540581e+16
PR_AM,6577666136066701.0,1.251787571002463e+17,7493593301520109.0,6.931875617348359e+16,7587614047362359.0,6.7663858682380936e+16
