Links,Predicao_Cleaned_NNETAR,Predicao_NNETAR,Predicao_Cleaned_GRU,Predicao_GRU,Predicao_Cleaned_LSTM,Predicao_LSTM
CE_SP,67927676519493.805,6229197693213455.0,63218780375290.74,7159799308301804.0,68762238545060.54,6625495059751059.0
MG_RS,263741026153233.22,2.4940038928275917e+18,274059050700097.0,2.3586820308592215e+18,281010365818719.72,2.5478476692281477e+18
PA_BA,4.443185876775308e+18,6175021455224323.0,2.0132892395876462e+18,1.7746473726292128e+17,2.2678786244301376e+18,7.902287828530264e+16
PR_AM,64774592693126.33,9.889347739079057e+17,60333369942465.26,1.5622354704437036e+18,59962833506470.61,1.759301485167081e+18
